step,alpha,mu_min,mu_max,mu_sampled,e_min,e_max,e_sampled,k_min,k_max,k_sampled
0,1.0,0.63,0.7699999999999999,0.7443891191474628,0.095,0.10500000000000001,0.10148225834575182,42500.0,57500.0,53009.63804084975
5,0.999975,0.6300017499999999,0.76999825,0.6915097909445485,0.095000125,0.104999875,0.10180510826279453,42500.1875,57499.8125,52313.80904474261
10,0.99995,0.6300034999999999,0.7699965,0.6345304524011928,0.09500025000000001,0.10499975,0.0964072060845404,42500.375,57499.625,46835.499492742514
15,0.999925,0.63000525,0.76999475,0.746377214373981,0.095000375,0.10499962500000001,0.10444874843473437,42500.5625,57499.4375,45577.14450854689
20,0.9999,0.630007,0.7699929999999999,0.6963167680524446,0.0950005,0.10499950000000001,0.09643405611409722,42500.75,57499.25,56561.605039389746
