{
  "total_combinations": 100,
  "successful_runs": 100,
  "success_rate": 1.0,
  "best_energy": 1.7669682950464365,
  "best_stability": 0.925915817539821,
  "best_distance": 12.804824463192013
}