{
  "lateral_friction": 0.5872624361896461,
  "restitution": 0.14058521218177406,
  "contact_stiffness": 504.5563575701897,
  "contact_damping": 17.16627201534159
}