{
  "applied_force": 15.0,
  "sampling_rate": 60.744731310574075,
  "duration": 5.021011590957642,
  "num_points": 305,
  "collection_timestamp": "2025-07-09T17:15:46.863011",
  "mean_normal_force": 8.066472560230313,
  "mean_lateral_force": 5.750093673151568,
  "friction_coefficient": 0.7128386826109022
}